握機經	Classic of the握機 Formation	Classic of Grasping the Pivot
百末詞	A Hundred Lyrics of末	Baimo Lyrics
說文聲系	Phonetic系 of the Shuowen	Phonetic Series of the Shuowen
生生篇	Chapter on生生 (Continuous Generation)	Chapter on Continuous Generation
事言要玄人集	Collection of Essential Sayings and Mysteries	Essentials and Mysteries of Affairs and Sayings: Human Volume
太上洞玄靈寶三元品戒功德輕重經	Sanyuan Precepts Scripture of Numinous Treasure	Most High Scripture of Numinous Treasure on Merit and Weight of the Three Origins Precepts
上清高上滅魔洞景金元玉清隱書經	Jade Pure Hidden Book Scripture of the Golden Origin	Shangqing Scripture of the Hidden Book of Golden Origin and Jade Clarity for Destroying Demons
地理葬書集注．欒城先生遺言．野服考．物異考	Geographic Burial Book and Other Collected Notes	Collected Notes on the Geomantic Burial Book, Posthumous Words of Luancheng, Study of Rustic Dress, and Study of Anomalies
夢幻草堂詩集	Poems from the Dream Thatched Hall	Poems from the Menghuan Thatched Hall
海山仙館叢書	Haishan Immortal's Pavilion Collectanea	Haishan Xianguan Collectanea
爛喉𰣤痧輯要	Essentials of Throat and Measles Ailments	Essentials of Putrid Sore Throat and Scarlet Fever
兩罍軒彝器圖釋	Illustrated Catalogue of Bronze Vessels from the Liangbei Studio	Illustrated Catalogue of Bronze Vessels from the Liangleixuan Studio
季漢書辨異	Discrimination of Discrepancies in the Book of Later Han	Discrimination of Discrepancies in the Book of Shu Han
解注崔公入藥鏡	Annotated Commentary on the Entering the Medicine Mirror	Annotated Commentary on Cui's Mirror for Entering the Medicine
三長物齋叢書	Collectanea from the Sanchang Thing Studio	Sanchangwu Studio Collectanea
四世花甲慶詞	Celebratory Verses for a Sixty-First Birthday	Celebratory Lyrics for a Four-Generation Sixtieth Birthday
秘書廿八種5Di5ce拾遺記	Twenty-Eight Lost Texts: Record of Gleanings	Twenty-Eight Secret Books: Record of Gleanings
香山集	Collected Works of the Xiangshan Studio	Collected Works of Xiangshan
災賑全書	Poetry Drafts from the Renjing Hut	Complete Book of Disaster Relief
醉后居評次名山業皇明小論	Posthumous Commentary and Minor Treatises on Famous Mountains, Ming Dynasty	Zuihou Studio's Ranked Commentaries and Minor Essays on the Imperial Ming
捷錄法原旁註	Marginal Notes on the Origins of Shorthand Methods	Marginal Notes on the Origins of Methods in the Jielu
Simei Shihua	Simeng's Remarks on Poetry	Simei Remarks on Poetry
小謨觴館詩文集	Poetry and Prose from the Xiaomo Shang Hall	Poetry and Prose from the Xiaomoshang Studio
徂徠集	Collected Works from the Culai Studio	Collected Works of Culai
則古昔齋算十三種	Thirteen Books from the Zegushi Studio of Mathematics	Thirteen Mathematical Works from the Zeguxi Studio
欒城集	Collected Works from the Luancheng Studio	Collected Works of Luancheng
賭棋山莊詞話	Remarks on Song Lyrics from Duqi Village	Remarks on Song Lyrics from the Duqi Mountain Villa
學蔀通辯	Comprehensive Refutation of Confucian Factionalism	Comprehensive Discernment of Obscurations in Learning
名媛詩歸	Return of Poems by Famous Ladies	Poetic Anthology of Famous Ladies
先河南公年譜	Chronological Biography of Zhou Tingmian, Lord Xianhe	Chronological Biography of My Late Father, Lord of Henan
美芹十論	Ten Discourses Presented with Qin Herbs	Ten Discourses on Offering Celery
李衛公問對	Dialogues of Duke Li Wei of Wei	Dialogues of Tang Taizong and Li Weigong
海山仙館叢書	Haishan Xianguan Collectanea	Haishan Immortals' Lodge Collectanea
兩罍軒彝器圖釋	Illustrated Catalogue of Bronze Vessels from the Liangleixuan Studio	Illustrated Catalogue of Bronze Vessels from the Lianglei Studio
小謨觴館詩文集	Poetry and Prose from the Xiaomoshang Studio	Poetry and Prose from the Xiaomoshang Lodge
美芹十論	Ten Discourses on Offering Celery	Ten Humble Discourses
芳堅館題跋	Colophons from the Fangjian Hall	Colophons from the Fangjian Lodge
離騷箋	Annotations to the Lament of Li Sao	Annotations to Encountering Sorrow
鹽邑志林	Forest of Gazetteers from Yanyi	Grove of Records of Haiyan
宗聖志	Gazetteer of the Sage's Ancestral Temple	Gazetteer of the Sage Zengzi
敬亭集	Collection from the Jingting Studio	Collected Works of Jingting
論山詩選	Selected Poems on Mountain Discourse	Selected Poems of Lunshan
邁堂文略	Brief Prose of the Maitang Studio	Brief Prose from the Mai Hall
二申野錄	Wild Records of the Second Year of Shen	Informal Records of the Two Shen Years
秘書廿一種	Twenty-One Secret Books	Twenty-One Rare Books
莆風清籟集	Pure Sounds of Puyang Elegance	Pure Sounds of Putian Customs
至聖林廟碑目	Catalogue of Inscriptions at the Sage's Forest Temple	Catalogue of Inscriptions at the Confucian Cemetery and Temple
夢觀集	Dream Observations Collection	Collected Works of Mengguan
圭峰集	Collection from the Guifeng Studio	Collection from Guifeng
具茨集	Collection from the Juci Studio	Collection from Juci
來鶴亭詩	Poems from the Lianghe Pavilion	Poems from the Laihe Pavilion
學言詩稿	Draft Poems of Xue Yan	Draft Poems of Learned Words
容台文集	Collected Prose from the Rongtai Studio	Collected Prose from Rongtai
平橋稿	Drafts from the Pingqiao Studio	Drafts from Pingqiao
樓居雜著	Miscellaneous Writings from the Loju Studio	Miscellaneous Writings from Tower Dwelling
蠡海集	Collection of Sea-Covering Lice	Collection of Measuring the Sea with a Gourd
玉笥集	Collection from the Jade Flute	Collection from Yusi
渼陂集	Collection from the Weibei Studio	Collection from Meipi
紫巖易傳	Zijyan's Commentary on the Book of Changes	Ziyan's Commentary on the Book of Changes
鶴山集	Collection from the Hill of Cranes	Collection of Heshan
鶴林集	Collection from the Crane Forest	Collection of Helin
儀禮經傳通解	Comprehensive Explanation of the Ceremonies and Rites	Comprehensive Explanation of the Classic and Commentaries on the Etiquette and Rites
夏小正戴氏傳	Mr. Fu's Commentary on the Xiaozheng Calendar	Mr. Dai's Commentary on the Xia Xiaozheng Calendar
待制集	Collection of the Awaiting Compiler	Collection of the Academician Awaiting Orders
景迂生集	Collection from the Jingyu Studio	Collection of Jingyu
珩璜新論	New Discourse on the Hengguang Jade	New Discourses on Jade Pendants
無事為福齋隨筆	Random Notes from the Studio of No Work Being Fortune	Random Notes from the Studio Where No Trouble Is Blessing
義府	Dictionary of Meanings	Treasury of Meanings
武功集	Collected Works on Martial Achievements	Wugong Collection
注解正蒙	Annotated Correct Meaning of the Rectifying Obscurity	Annotated Correcting Youthful Ignorance
歐陽修撰集	Collected Works of Ouyang Che	Collected Works of Ouyang Xiuzhuan
石湖詩集	Collected Poems from Stone Lake	Collected Poems from Shihu
正蒙初義	Early Meanings of the Rectifying Obscurity	Preliminary Meaning of Correcting Youthful Ignorance
管城碩記	Weighty Notes from the Guancheng Studio	Weighty Notes from the Brush City
歐陽修撰集	Collected Works of Ouyang Xiuzhuan	Collected Works of Compiler Ouyang
竹雲題跋	Colophons on Bamboo and Clouds	Zhuyun Colophons
陸子餘集	Surviving Works of Lu Zi	Collected Works of Lu Ziyu
同姓名錄	Record of Same Names and Surnames	Record of People with the Same Name
都官集	Collected Works from Duguan	Collected Works of the Judicial Bureau Official
張燕公集	Collected Works of Zhang Yanguo	Collected Works of Duke Zhang of Yan
姚少監詩集	Collected Poems of Yao Shaojian	Collected Poems of Vice Director Yao
樂全集	Collected Works of Complete Peace	Collected Works of Lequan
葉八白易傳	Ye Bai's Commentary on the Book of Changes	Ye Babai's Commentary on the Book of Changes
類證普濟本事方	Verified Prescriptions for Universal Relief	Classified Case-Based Prescriptions for Universal Relief
九靈山房集	Collected Works from the Nine Peaks Mountain Studio	Collected Works from the Jiuling Mountain Studio
兒易內儀以	Inner Meaning for Children of the Book of Changes	Inner Principles of the Child's Book of Changes
祠部集	Collected Works from the Ciyu Hall	Collected Works of the Bureau of Sacrifices
自鳴集	Collected Works of Self-Cultivation	Collected Works of Self-Expression
宮教集	Collected Works from the Gongjiao Hall	Collected Works of the Palace Tutor
鹿皮子集	Collected Works from the Deer Hide Studio	Collected Works of Master Deerskin
文端集	Collected Works of Rectitude	Collected Works of Wenduan
騎省集	Collected Works of the Cavalry Secretary	Collected Works of the Imperial Cavalry Attendant
王魏公集	Collected Works of Duke Wang Wei	Collected Works of Duke Wang of Wei
太倉稊米集	Collected Works from Cangmi	Collected Works of a Single Grain in the Great Granary
慈湖遺書	Surviving Writings of the Cihu Studio	Surviving Writings from Cihu
周易觀彖	Observations on the Images of the Book of Changes	Observations on the Judgments of the Book of Changes
廣川畫跋	Colophons on Paintings from the Guangchuan Studio	Guangchuan Colophons on Paintings
玉坡奏議	Memorials from the Yupo Studio	Yupo's Memorials
滎陽外史集	Collected Works from Yingyang Outer History Studio	Collected Works of the Outer Historian of Xingyang
林登州集	Collected Works of the Governor of Lindeng	Collected Works of Prefect Lin of Dengzhou
演繁露	Spreading Dew of Elaboration	Elaborated Strings of Dew
節孝集	Collected Works of Xujie	Collected Works of Jiexiao
簡端錄	Simple Records	Notes in the Margins of Books
祖英集	Collected Works of the Ancestral Flower	Collected Works of Zuying
會昌一品集	Collected Works from the Huichang Yipin Era	Collected Works of the First-Rank Minister of the Huichang Era
仕學規範	Standards and Models for Scholarship	Standards for Official Service and Learning
子略	Outline of Bibliography	Brief Survey of the Masters
竹友集	Collected Works from the Bamboo Friend	Collected Works of Zhuyou
蒙隱集	Collected Works from the Mengyin Studio	Collected Works of Mengyin
恕谷後集	Later Collection from the Shugu Studio	Later Collected Works of Shugu
龍學文集	Collected Works of Longxue	Collected Works of the Longtu Academician
王著作集	Collected Works of Secretary Wang	Collected Works of Editor Wang
蘭皋集	Collected Works from the Lan'gao Studio	Collected Works of Langao
滄螺集	Collected Works from Cangluo	Collected Works of Cangluo
禮書	Book of Rites	Book on Rites
伸蒙子	The Master of Extended Simplicity	Master Shenmeng
清秘藏	Pure Secret Collection	Treasury of Refined Rarities
渾蓋通憲圖說	Illustrated Explanation of the Armillary Sphere and Sundial	Illustrated Explanation of the Astrolabe
芻蕘集	Collected Works of the Woodcutter	Collected Humble Opinions
北磵集	Collected Works from the Bei Stream	Collected Works of Beijian
三續疑年錄	Third Supplement to the Record of Uncertain Death Dates	Third Sequel to the Record of Doubtful Lifespans
上池雜說	Miscellaneous Talks from the Pond-Side Studio	Miscellaneous Talks on the Upper Pool
世廟識餘錄	Supplementary Records of the Shimiao Era	Supplementary Records of the Shizong Emperor's Reign
二谷讀書記	Reading Notes from Erg Valley	Reading Notes of Ergu
五先堂字學元元	Fundamentals of Philology from the Wuxiantang Studio	Fundamentals of Philology from the Wuxian Hall
交翠軒筆記	Notes from the Jiaocui Pavilion	Notes from the Jiaocui Studio
介庵經說	Explanations of the Classics from the Jie Hermitage	Jie'an's Explanations of the Classics
信陽子卓錄	Record of Letters from Mr. Xinyangzi	Xinyangzi's Lofty Records
借閒生詩	Poems of a Man Borrowing Leisure	Poems of Jiexiansheng
元韻譜	Rhyme Compendium of the Yuan Era	Register of Original Rhymes
先聖廟林記	Record of the Forest of Sage Temples	Record of the Temple and Grove of the Former Sage
兩浙輶軒錄	Record of Carriage and Cap Poets of Zhejiang	Record of Envoy-Collected Poems of Zhejiang
兩浙輶軒錄補遺	Supplement to the Record of Carriage and Cap Poets of Zhejiang	Supplement to the Record of Envoy-Collected Poems of Zhejiang
六書轉注錄	Record of Transformed Phonetic Scripts	Record of the Zhuanzhu Category of the Six Scripts
凝齋筆語	Frozen Studio Jottings	Jottings from the Ning Studio
別雅訂	Emendations to the Biyi Dictionary	Emendations to the Bieya
劉禮部集	Collected Works from the Liu Ministry of Rites	Collected Works of Liu of the Ministry of Rites
十三經詁答問	Questions and Answers on the Thirteen Classics	Questions and Answers on the Exegesis of the Thirteen Classics
台學源流	Origins and Transmission of Tai Studies	Origins and Transmission of Taizhou Learning
夢蕉詩話	Poetic Remarks from the Mengjiao Studio	Poetic Remarks of Mengjiao
太函集	Collected Works from the Taihan Studio	Collected Works of Taihan
小司馬奏草	Draft Memorials of the Minor Minister of War	Draft Memorials of the Vice Minister of War
愛日精廬藏書志	Catalogue of the Airi Jinglu Library	Catalogue of Books from the Airi Studio
楝亭詩鈔	Poetry Collection from the Liantin Pavilion	Poetry Transcripts from the Lianting Pavilion
漢孳室文鈔	Prose Collection from the Hanzi Studio	Prose Collection from the Hanzi Chamber
猗覺寮雜記	Miscellaneous Notes from the Yijuelao	Miscellaneous Notes from the Yijue Hut
石田雜記	Miscellaneous Notes from Stone Field	Miscellaneous Notes of Shitian
管子地員篇注	Commentary on the Land Sections Chapter of the Guanzi	Commentary on the Chapter on Soil Types in the Guanzi
聲律通考	Comprehensive Study of Tonal Prosody	Comprehensive Study of Musical Pitch and Tones
花宜館詩鈔	Poems from the Huayi Hall	Poems from the Huayi Lodge
茗齋詩餘	Song Lyrics from the Ming Studio	Lyrics from the Tea Studio
諤崖脞說	Miscellaneous Talks from Ngai Cliff	Miscellaneous Talks from Eya Cliff
讀論質疑	Questioning Doubts on Reading the Analects	Questions on Reading the Analects
靖炎兩朝見聞錄	Record of Things Seen and Heard in the Jing and Yan Reigns	Record of Things Heard in the Jingkang and Jianyan Reigns
面城樓集鈔	Poetry Collection from the Mianchenglou	Selected Writings from Miancheng Tower
廣經室文鈔	Prose Collection from the Guangjing Studio	Prose Collection from the Guangjing Chamber
筠清館金文	Bronze Inscriptions from the Yunqing Hall	Bronze Inscriptions from the Yunqing Lodge
康輶紀行	Record of Travels to Kangding	Record of a Mission Journey to the Tibetan Frontier
濂亭文集	Collected Prose from the Lianting Studio	Collected Prose of Lianting
滇軺紀程荷戈紀程	Journey Records of Travels to Yunnan and Bearing Arms	Journey Records of a Mission to Yunnan and of Exile to the Frontier
春草齋集	Collected Works from the Spring Grass Studio	Collected Works from the Chuncao Studio
像象管見	A Pipe-View on Images and Symbols	Humble Views on Images and Symbols
詞林典故	Precedents of the Forest of Letters	Precedents of the Hanlin Academy
衡廬精舍藏稿	Drafts Preserved at the Hengshan Retreat	Drafts Preserved at the Henglu Retreat
玩齋集	Collected Works from the Playful Studio	Collected Works from the Wan Studio
南軒集	Collected Works from the Southern Veranda	Collected Works from the Nanxuan Studio
半軒集	Collected Works from the Half Veranda	Collected Works from the Banxuan Studio
定齋集	Collected Works from the Studio of Settling	Collected Works from the Ding Studio
蘭軒集	Collected Works from the Orchid Veranda	Collected Works from the Lanxuan Studio
無邪堂答問	Questions and Answers from the Hall of No Deviance	Questions and Answers from the Wuxie Hall
小腆紀傳	Biographies from the Brief Restoration	Biographies of the Minor Remnant Regime
崇雅堂駢體文鈔	Parallel Prose from the Hall of Venerating Elegance	Parallel Prose from the Chongya Hall
汗簡	Sweating Bamboo Slips	Hanjian: Glossary of Ancient Character Forms
張子正蒙注	Annotations on Master Zhang's Rectifying the Obscured	Annotations on Master Zhang's Correcting Youthful Ignorance
敝帚稿略	Drafts of a Worn-Out Broom	Brief Humble Drafts
小倉山房文集	Collected Works from the Small Granary Mountain House	Collected Works from Xiaocang Mountain Studio
中論	Discourses on the Mean	Balanced Discourses
歲寒堂詩話	Poetry Remarks from the Hall of Winter Cold	Poetry Remarks from Suihan Hall
志雅堂雜鈔	Miscellaneous Records from the Hall of Refined Taste	Miscellaneous Notes from Zhiya Hall
燕對錄	Record of Audiences at Yan	Record of Private Audiences
柳亭詩話	Poetry Remarks from Willow Pavilion	Poetry Remarks from Liuting Pavilion
校邠廬抗議	Protests from the Jiaobin Lodge	Protests from Jiaobin Hut
陋軒詩	Poems from the Humble Veranda	Poems from the Humble Studio
攻媿集	Collected Works of Attacking Shame	Collected Works of Gongkui
燕樂考原	Tracing the Origins of Court Music	Tracing the Origins of Banquet Music
匏翁家藏集	Family-Preserved Collection of the Old Man Pao	Collected Family-Preserved Works of Paoweng
白華樓藏稿	Drafts Preserved at White Flower Tower	Drafts Preserved at Baihua Tower
蒿菴集	Collected Works from the Mugwort Hermitage	Collected Works from Hao Hermitage
篋衍集	Overflowing Chest Collection	Collection from the Bamboo Chest
季漢書	History of the Latter Han	History of Shu Han
桂洲奏議	Memorials of Guizhou	Memorials of Xia Guizhou
水明樓集	Collected Works from the Tower of Bright Water	Collected Works from Shuiming Tower
改亭文集	Collected Writings from the Revised Pavilion	Collected Writings from Gaiting
溉堂前集	First Collection from the Hall of Irrigation	First Collection from Gai Hall
證山堂集	Collected Works from the Hall of Verifying Mountains	Collected Works from Zhengshan Hall
圭美堂集	Collected Works from the Hall of Fine Jade	Collected Works from Guimei Hall
受宜堂集	Collected Works from the Hall of Fitting Reception	Collected Works from Shouyi Hall
綠筠軒詩	Poems from the Green Bamboo Veranda	Poems from Lüyun Studio
在亭叢稿	Collected Drafts from the Pavilion	Collected Drafts from Zaiting Pavilion
秋塍文鈔	Writings from the Autumn Embankment	Writings from Qiucheng
質園詩集	Collected Poems from the Plain Garden	Collected Poems from Zhiyuan Garden
緝齋文集	Collected Writings from the Studio of Compilation	Collected Writings from Ji Studio
達觀樓集	Collected Works from the Tower of Broad Vision	Collected Works from Daguan Tower
願學堂集	Collected Works from the Hall of Aspiring to Learn	Collected Works from Yuanxue Hall
杲堂文鈔	Writings from the Bright Hall	Writings from Gao Hall
清吟堂集	Collected Works from the Hall of Pure Chanting	Collected Works from Qingyin Hall
世經堂集	Collected Works from the Hall of Governing the World	Collected Works from Shijing Hall
王奉常集	Collected Works of Wang Fengchang	Collected Works of Minister of Ceremonies Wang
陳檢討四六	Parallel Prose of Censor Chen	Parallel Prose of Compiler Chen
聽秋軒詩集	Poems from the Listening-to-Autumn Pavilion	Poems from Tingqiu Studio
宋金元詩永	Songs of Song, Jin, and Yuan Poetry	Enduring Poetry of the Song, Jin, and Yuan
吾友于齋詩鈔	Poetry Excerpts from My Friend Yu's Studio	Poetry Excerpts from Wuyouyu Studio
南軒集	Collected Works from the Nanxuan Studio	Collected Works of Nanxuan
半軒集	Collected Works from the Banxuan Studio	Collected Works of Banxuan
蘭軒集	Collected Works from the Lanxuan Studio	Collected Works of Lanxuan
陳檢討四六	Parallel Prose of Compiler Chen	Parallel Prose of Examining Editor Chen
文編	Compilation of Prose	Ming
四如集	Collected Works of Sir Siru	Collected Works of Siru
曉菴新法	New Methods from the Xiao'an Studio	New Methods of Xiao'an
臺海使槎錄	Record of a Mission Raft to Taiwan and the Sea	Record of a Mission by Raft Across the Taiwan Strait
翰苑集	Collected Works from the Hanlin Garden	Collected Works from the Hanlin Academy
雕菰樓集	Collected Works from the Carved Water-Chestnut Tower	Collected Works from Diaogu Tower
經幄管見	Personal Views from the Classics Lecture Tent	Humble Views from the Classics Lecture Tent
傲軒吟稿	Chanting Drafts from the Proud Studio	Chanting Drafts from Aoxuan Studio
芳蘭軒集	Collected Works from the Fragrant Orchid Pavilion	Collected Works from Fanglan Studio
周易尚占	Divination Still Practiced from the Zhou Changes	Esteeming Divination in the Zhou Changes
二薇亭詩集	Poems from the Two Fern Pavilion	Poems from Erwei Pavilion
鼠璞	The Rat's Jade: Miscellaneous Notes	Notes on the Rat's Uncut Jade
玉函山房目耕帖	Notes from Plowing by Eye at Yuhan Mountain Lodge	Notes on Eye-Plowing from Yuhan Mountain Studio
南州草堂集	Collected Works from the Southern Prefecture Thatched Hall	Collected Works from Nanzhou Thatched Hall
少室山房筆叢	Collected Notes from Shaoshi Mountain Lodge	Collected Notes from Shaoshi Mountain Studio
遜志齋集	Collected Works from the Hall of Modest Aspiration	Collected Works from Xunzhi Studio
樊榭山房集	Collected Works from Fanxie Mountain Lodge	Collected Works from Fanxie Mountain Studio
大雲山房文稿	Draft Writings from Dayun Mountain Lodge	Draft Writings from Dayun Mountain Studio
節孝語錄	Recorded Sayings on Chastity and Filial Piety	Recorded Sayings of Jiexiao
初寮詞	Lyrics from the Early Hut	Lyrics of Chuliao
唯室集	Collected Works from the Weishi Studio	Collected Works of Weishi
野谷詩稿	Poetry Drafts of the Wild Valley	Poetry Drafts of Yegu
辨定祭禮通俗譜	Determined Popular Guide to Sacrificial Rites	Authoritative Popular Manual of Sacrificial Rites
海叟集	Collection of the Old Fisherman of the Sea	Collected Works of Haisou
溪堂詞	Lyrics from the Stream Hall	Lyrics of Xitang
範家集略	Brief Collection of the Fan Family	Brief Collection on Setting Family Standards
直齋書錄解題	Annotated Catalogue from the Straightforward Studio	Annotated Bibliography of Zhizhai
石林詩話	Remarks on Poetry from Stone Forest	Shilin's Remarks on Poetry
蒿庵集	Collected Works from the Hao Hermitage	Collected Works of Hao'an
衡門芹	Watercress at the Humble Gate	A Humble Offering from the Humble Gate
夢虹奏議	Memorials of Mengrong	Memorials of Menghong
綠滋館稿	Drafts from the Lvzi Hall	Drafts from the Luzi Lodge
詞科掌錄	Records of the Poetry Examination Office	Records of the Erudite Literati Examination
文編	Ming	Compilation of Prose
傲軒吟稿	Chanting Drafts from Aoxuan Studio	Chanting Drafts from the Ao Studio
